{"_runtime":716,"_timestamp":1.7753127445292354e+09,"_step":56,"clips_processed":20064,"throughput_clips_per_s":14.783306602499984,"failed":0,"_wandb":{"runtime":716}}