{
  "steps": 297,
  "stages": [
    "stage1_layout",
    "stage2_agent",
    "stage3_interaction"
  ],
  "total_factor_clips": 9566,
  "batch_size": 32,
  "final_loss": 0.47225230745971203,
  "probe_history": [
    {
      "num_clips": 500,
      "prec_at_k": {
        "mean": 30.3,
        "ci_lo": 27.983322,
        "ci_hi": 32.766667,
        "ci_half": 2.391672
      },
      "map_at_k": {
        "mean": 21.604444,
        "ci_lo": 19.439444,
        "ci_hi": 23.930491,
        "ci_half": 2.245523
      },
      "cycle_at_k": {
        "mean": 71.6,
        "ci_lo": 67.4,
        "ci_hi": 75.4,
        "ci_half": 4.0
      },
      "val_jepa_loss": 0.48550893712043763,
      "val_masked_loss": 0.35475685459375383,
      "val_context_loss": 0.2615041680932045,
      "stage_idx": 0,
      "stage_name": "stage1_layout",
      "global_step": 29
    },
    {
      "num_clips": 500,
      "prec_at_k": {
        "mean": 30.333333,
        "ci_lo": 28.0,
        "ci_hi": 32.8,
        "ci_half": 2.4
      },
      "map_at_k": {
        "mean": 21.634444,
        "ci_lo": 19.47377,
        "ci_hi": 23.955926,
        "ci_half": 2.241078
      },
      "cycle_at_k": {
        "mean": 71.6,
        "ci_lo": 67.4,
        "ci_hi": 75.4,
        "ci_half": 4.0
      },
      "val_jepa_loss": 0.48277843606472015,
      "val_masked_loss": 0.35235445863008497,
      "val_context_loss": 0.26084795635938646,
      "stage_idx": 0,
      "stage_name": "stage1_layout",
      "global_step": 58
    },
    {
      "num_clips": 500,
      "prec_at_k": {
        "mean": 30.3,
        "ci_lo": 27.933333,
        "ci_hi": 32.733333,
        "ci_half": 2.4
      },
      "map_at_k": {
        "mean": 21.628889,
        "ci_lo": 19.455083,
        "ci_hi": 23.957222,
        "ci_half": 2.25107
      },
      "cycle_at_k": {
        "mean": 71.6,
        "ci_lo": 67.4,
        "ci_hi": 75.4,
        "ci_half": 4.0
      },
      "val_jepa_loss": 0.4783651397228241,
      "val_masked_loss": 0.34913389682769774,
      "val_context_loss": 0.2584624836444855,
      "stage_idx": 0,
      "stage_name": "stage1_layout",
      "global_step": 87
    },
    {
      "num_clips": 500,
      "prec_at_k": {
        "mean": 30.3,
        "ci_lo": 27.933333,
        "ci_hi": 32.733333,
        "ci_half": 2.4
      },
      "map_at_k": {
        "mean": 21.620556,
        "ci_lo": 19.445227,
        "ci_hi": 23.94,
        "ci_half": 2.247386
      },
      "cycle_at_k": {
        "mean": 71.6,
        "ci_lo": 67.4,
        "ci_hi": 75.4,
        "ci_half": 4.0
      },
      "val_jepa_loss": 0.47849666929244994,
      "val_masked_loss": 0.34894846534729,
      "val_context_loss": 0.25909640789031985,
      "stage_idx": 0,
      "stage_name": "stage1_layout",
      "global_step": 98
    },
    {
      "num_clips": 500,
      "prec_at_k": {
        "mean": 30.266667,
        "ci_lo": 27.913214,
        "ci_hi": 32.7,
        "ci_half": 2.393393
      },
      "map_at_k": {
        "mean": 21.591667,
        "ci_lo": 19.423368,
        "ci_hi": 23.921118,
        "ci_half": 2.248875
      },
      "cycle_at_k": {
        "mean": 71.8,
        "ci_lo": 67.6,
        "ci_hi": 75.6,
        "ci_half": 4.0
      },
      "val_jepa_loss": 0.47704071760177613,
      "val_masked_loss": 0.34803859996795655,
      "val_context_loss": 0.25800423765182495,
      "stage_idx": 1,
      "stage_name": "stage2_agent",
      "global_step": 116
    },
    {
      "num_clips": 500,
      "prec_at_k": {
        "mean": 30.233333,
        "ci_lo": 27.933333,
        "ci_hi": 32.733333,
        "ci_half": 2.4
      },
      "map_at_k": {
        "mean": 21.64,
        "ci_lo": 19.474324,
        "ci_hi": 23.984136,
        "ci_half": 2.254906
      },
      "cycle_at_k": {
        "mean": 72.4,
        "ci_lo": 68.4,
        "ci_hi": 76.2,
        "ci_half": 3.9
      },
      "val_jepa_loss": 0.4779507873058319,
      "val_masked_loss": 0.348693190574646,
      "val_context_loss": 0.2585151927471161,
      "stage_idx": 1,
      "stage_name": "stage2_agent",
      "global_step": 145
    },
    {
      "num_clips": 500,
      "prec_at_k": {
        "mean": 30.066667,
        "ci_lo": 27.7,
        "ci_hi": 32.5,
        "ci_half": 2.4
      },
      "map_at_k": {
        "mean": 21.557222,
        "ci_lo": 19.393333,
        "ci_hi": 23.891353,
        "ci_half": 2.24901
      },
      "cycle_at_k": {
        "mean": 72.4,
        "ci_lo": 68.4,
        "ci_hi": 76.2,
        "ci_half": 3.9
      },
      "val_jepa_loss": 0.475008368730545,
      "val_masked_loss": 0.34640075302124024,
      "val_context_loss": 0.25721523237228394,
      "stage_idx": 1,
      "stage_name": "stage2_agent",
      "global_step": 174
    },
    {
      "num_clips": 500,
      "prec_at_k": {
        "mean": 30.133333,
        "ci_lo": 27.733333,
        "ci_hi": 32.533333,
        "ci_half": 2.4
      },
      "map_at_k": {
        "mean": 21.582778,
        "ci_lo": 19.413333,
        "ci_hi": 23.916462,
        "ci_half": 2.251565
      },
      "cycle_at_k": {
        "mean": 72.6,
        "ci_lo": 68.6,
        "ci_hi": 76.4,
        "ci_half": 3.9
      },
      "val_jepa_loss": 0.47695096039772034,
      "val_masked_loss": 0.34778892612457274,
      "val_context_loss": 0.2583240699768066,
      "stage_idx": 1,
      "stage_name": "stage2_agent",
      "global_step": 196
    },
    {
      "num_clips": 500,
      "prec_at_k": {
        "mean": 30.133333,
        "ci_lo": 27.733333,
        "ci_hi": 32.533333,
        "ci_half": 2.4
      },
      "map_at_k": {
        "mean": 21.601111,
        "ci_lo": 19.428052,
        "ci_hi": 23.935305,
        "ci_half": 2.253627
      },
      "cycle_at_k": {
        "mean": 72.8,
        "ci_lo": 68.8,
        "ci_hi": 76.6,
        "ci_half": 3.9
      },
      "val_jepa_loss": 0.47635002255439757,
      "val_masked_loss": 0.3474035563468933,
      "val_context_loss": 0.25789293146133424,
      "stage_idx": 2,
      "stage_name": "stage3_interaction",
      "global_step": 203
    },
    {
      "num_clips": 500,
      "prec_at_k": {
        "mean": 30.0,
        "ci_lo": 27.666667,
        "ci_hi": 32.466667,
        "ci_half": 2.4
      },
      "map_at_k": {
        "mean": 21.518333,
        "ci_lo": 19.348889,
        "ci_hi": 23.837778,
        "ci_half": 2.244444
      },
      "cycle_at_k": {
        "mean": 73.2,
        "ci_lo": 69.2,
        "ci_hi": 77.0,
        "ci_half": 3.9
      },
      "val_jepa_loss": 0.47509760785102845,
      "val_masked_loss": 0.3464714779853821,
      "val_context_loss": 0.2572522578239441,
      "stage_idx": 2,
      "stage_name": "stage3_interaction",
      "global_step": 232
    },
    {
      "num_clips": 500,
      "prec_at_k": {
        "mean": 29.9,
        "ci_lo": 27.533333,
        "ci_hi": 32.366667,
        "ci_half": 2.416667
      },
      "map_at_k": {
        "mean": 21.459444,
        "ci_lo": 19.300224,
        "ci_hi": 23.790321,
        "ci_half": 2.245049
      },
      "cycle_at_k": {
        "mean": 73.6,
        "ci_lo": 69.6,
        "ci_hi": 77.4,
        "ci_half": 3.9
      },
      "val_jepa_loss": 0.4744095702171326,
      "val_masked_loss": 0.34614602971076963,
      "val_context_loss": 0.2565270795822144,
      "stage_idx": 2,
      "stage_name": "stage3_interaction",
      "global_step": 261
    },
    {
      "num_clips": 500,
      "prec_at_k": {
        "mean": 29.9,
        "ci_lo": 27.533333,
        "ci_hi": 32.366667,
        "ci_half": 2.416667
      },
      "map_at_k": {
        "mean": 21.478333,
        "ci_lo": 19.322574,
        "ci_hi": 23.810961,
        "ci_half": 2.244193
      },
      "cycle_at_k": {
        "mean": 73.8,
        "ci_lo": 69.8,
        "ci_hi": 77.6,
        "ci_half": 3.9
      },
      "val_jepa_loss": 0.4733857064247131,
      "val_masked_loss": 0.34553576040267947,
      "val_context_loss": 0.25569989013671873,
      "stage_idx": 2,
      "stage_name": "stage3_interaction",