{"epoch":0,"epoch_complete":1,"_runtime":1181.620525426,"_step":55,"throughput_steps_per_s":0.03125000419095215,"loss/drift":0,"lr":1e-07,"grad_norm":0.06795161962509155,"loss/total":0.4744639992713928,"loss/jepa":0.4744639992713928,"_wandb":{"runtime":1181},"_timestamp":1.77533165336409e+09}