{
  "steps": 284,
  "stages": [
    "stage1_layout",
    "stage2_agent",
    "stage3_interaction"
  ],
  "total_factor_clips": 9161,
  "batch_size": 32,
  "final_loss": 0.45431506633758545,
  "probe_history": [
    {
      "num_clips": 136,
      "stage_idx": 0,
      "stage_name": "stage1_layout",
      "step": 114,
      "global_step": 114,
      "val_jepa_loss": 0.47573450032402487,
      "val_masked_loss": 0.3465709265540628,
      "val_context_loss": 0.2583271475399242,
      "val_multi_task_loss": 0.0,
      "val_motion_aux_loss": 0.9637177189191183,
      "val_drift_loss": 0.0072470298036932945,
      "val_total_loss": 0.57935330201963,
      "probe_top1": 0.823529,
      "motion_cos": 0.279761,
      "future_l1": 0.543624,
      "n_probe_clips": 136,
      "bwt": 0.0,
      "block_drift_mean": 0.00306383
    },
    {
      "num_clips": 136,
      "stage_idx": 1,
      "stage_name": "stage2_agent",
      "step": 143,
      "global_step": 143,
      "val_jepa_loss": 0.47947030908921184,
      "val_masked_loss": 0.34781872700242433,
      "val_context_loss": 0.2633031501489527,
      "val_multi_task_loss": 0.0,
      "val_motion_aux_loss": 1.328380286693573,
      "val_drift_loss": 0.028790639713406563,
      "val_total_loss": 0.6410989774719758,
      "probe_top1": 0.742647,
      "motion_cos": 0.251268,
      "future_l1": 0.549205,
      "n_probe_clips": 136,
      "bwt": -0.08088200000000001,
      "block_drift_mean": 0.00346446
    },
    {
      "num_clips": 136,
      "stage_idx": 1,
      "stage_name": "stage2_agent",
      "step": 199,
      "global_step": 199,
      "val_jepa_loss": 0.4790544685195474,
      "val_masked_loss": 0.3489439785480499,
      "val_context_loss": 0.260220971177606,
      "val_multi_task_loss": 0.0,
      "val_motion_aux_loss": 1.220434049765269,
      "val_drift_loss": 0.026118773967027664,
      "val_total_loss": 0.627216647463102,
      "probe_top1": 0.816176,
      "motion_cos": 0.27471,
      "future_l1": 0.553871,
      "n_probe_clips": 136,
      "bwt": -0.007352999999999943,
      "block_drift_mean": 0.00360737
    },
    {
      "num_clips": 136,
      "stage_idx": 2,
      "stage_name": "stage3_interaction",
      "step": 284,
      "global_step": 284,
      "val_jepa_loss": 0.4758374357924742,
      "val_masked_loss": 0.3464873310397653,
      "val_context_loss": 0.2587002095054178,
      "val_multi_task_loss": 0.0,
      "val_motion_aux_loss": 1.2682367265224457,
      "val_drift_loss": 0.01783774420619011,
      "val_total_loss": 0.6204988526509089,
      "probe_top1": 0.838235,
      "motion_cos": 0.269939,
      "future_l1": 0.543207,
      "n_probe_clips": 136,
      "bwt": 0.014705999999999997,
      "block_drift_mean": 0.00330782
    }
  ],
  "probe_trajectory_stats": {
    "bwt_top1": 0.0147,
    "max_drop_top1": 0.0809,
    "monotonic": false,
    "trajectory": [
      0.8235,
      0.7426,
      0.8162,
      0.8382
    ]
  },
  "train_val_split": {
    "train": 9161,
    "val": 136,
    "seed": 42,
    "split_strategy": "external",
    "val_clip_keys": [
      "goa/walking/1bJMoSTs4rA/1bJMoSTs4rA-169.mp4",
      "goa/walking/C6Tn_V6-EXg/C6Tn_V6-EXg-164.mp4",
      "goa/walking/X2GEIVQCk6w/X2GEIVQCk6w-029.mp4",
      "tier1/mumbai/drone/0ckImiKkVLg/0ckImiKkVLg-024.mp4",
      "tier1/mumbai/drone/6mZN5BfMR3A/6mZN5BfMR3A-026.mp4",
      "tier2/chandigarh/walking/27z-Lz4Q95s/27z-Lz4Q95s-021.mp4",
      "tier2/jaipur/rain/anJGe7otklA/anJGe7otklA-016.mp4",
      "tier2/thiruvananthapuram/drive/Uz9J8tfYlvY/Uz9J8tfYlvY-055.mp4",
      "tier2/varanasi/drive/5sxCg1OuYds/5sxCg1OuYds-034.mp4",
      "tier2/visakhapatnam/drone/vidWT9meMD8/vidWT9meMD8-030.mp4",
      "goa/walking/1bJMoSTs4rA/1bJMoSTs4rA-170.mp4",
      "goa/walking/GT89Ljv5zc8/GT89Ljv5zc8-061.mp4",
      "goa/walking/HnKlAunBJgw/HnKlAunBJgw-137.mp4",
      "goa/walking/LTCSPZap5EY/LTCSPZap5EY-137.mp4",
      "goa/walking/QnWhWcry8rM/QnWhWcry8rM-067.mp4",
      "goa/walking/QnWhWcry8rM/QnWhWcry8rM-101.mp4",
      "goa/walking/QnWhWcry8rM/QnWhWcry8rM-181.mp4",
      "goa/walking/X2GEIVQCk6w/X2GEIVQCk6w-057.mp4",
      "goa/walking/Y8Ea5ZpV7n8/Y8Ea5ZpV7n8-068.mp4",
      "goa/walking/Y8Ea5ZpV7n8/Y8Ea5ZpV7n8-076.mp4",
      "goa/walking/Y8Ea5ZpV7n8/Y8Ea5ZpV7n8-091.mp4",
      "goa/walking/YX5LXl4bxTg/YX5LXl4bxTg-007.mp4",
      "goa/walking/YX5LXl4bxTg/YX5LXl4bxTg-140.mp4",
      "goa/walking/jQPs0LTwVwY/jQPs0LTwVwY-129.mp4",
      "goa/walking/yP6LURr0e5Y/yP6LURr0e5Y-022.mp4",
      "goa/walking/yP6LURr0e5Y/yP6LURr0e5Y-034.mp4",
      "monuments/red_fort_delhi/TWqaSTSWzus/TWqaSTSWzus-138.mp4",
      "monuments/red_fort_delhi/TWqaSTSWzus/TWqaSTSWzus-150.mp4",
      "goa/walking/04YKvC8kAgI/04YKvC8kAgI-009.mp4",
      "goa/walking/1bJMoSTs4rA/1bJMoSTs4rA-104.mp4",
      "goa/walking/GT89Ljv5zc8/GT89Ljv5zc8-054.mp4",
      "goa/walking/GT89Ljv5zc8/GT89Ljv5zc8-089.mp4",
      "goa/walking/X2GEIVQCk6w/X2GEIVQCk6w-062.mp4",
      "goa/walking/XaI7QtqS4O8/XaI7QtqS4O8-017.mp4",
      "goa/walking/vDnO_KXr0us/vDnO_KXr0us-008.mp4",
      "tier1/bangalore/walking/SSj4DGxgah0/SSj4DGxgah0-055.mp4",
      "tier1/bangalore/walking/W5h3-FyC5aA/W5h3-FyC5aA-032.mp4",
      "tier1/chennai/walking/dn3GEZ_psoo/dn3GEZ_psoo-227.mp4",
      "tier1/delhi/drive/GF0jiddlmN0/GF0jiddlmN0-059.mp4",
      "tier1/delhi/drive/VT143EZ_-eA/VT143EZ_-eA-239.mp4",
      "tier1/delhi/drive/whIq0Xu9cDU/whIq0Xu9cDU-194.mp4",
      "tier1/delhi/walking/5Voa7WduPtw/5Voa7WduPtw-136.mp4",
      "tier1/hyderabad/drive/AQMiq71sQCo/AQMiq71sQCo-003.mp4",
      "tier1/hyderabad/drive/GnW9pF6AAKA/GnW9pF6AAKA-021.mp4",
      "tier1/hyderabad/drive/d4FyAkD7ZlY/d4FyAkD7ZlY-006.mp4",
      "tier1/hyderabad/drive/hOP7vo72ErY/hOP7vo72ErY-109.mp4",
      "goa/walking/04YKvC8kAgI/04YKvC8kAgI-072.mp4",
      "goa/walking/HnKlAunBJgw/HnKlAunBJgw-020.mp4",
      "goa/walking/LcTItaFqA-8/LcTItaFqA-8-019.mp4",
      "goa/walking/LcTItaFqA-8/LcTItaFqA-8-026.mp4",
      "goa/walking/X2GEIVQCk6w/X2GEIVQCk6w-018.mp4",
      "goa/walking/XeOliFWJBVg/XeOliFWJBVg-098.mp4",
      "goa/walking/ZnpFrYOjQKQ/ZnpFrYOjQKQ-271.mp4",
      "goa/walking/gflBqzcPAKs/gflBqzcPAKs-118.mp4",
      "goa/walking/yP6LURr0e5Y/yP6LURr0e5Y-119.mp4",
      "monuments/red_fort_delhi/TWqaSTSWzus/TWqaSTSWzus-045.mp4",
      "monuments/red_fort_delhi/TWqaSTSWzus/TWqaSTSWzus-086.mp4",
      "tier1/bangalore/drive/0dsDjXBthT0/0dsDjXBthT0-004.mp4",
      "tier1/bangalore/drive/3T7XZ1lE9Vo/3T7XZ1lE9Vo-036.mp4",
      "tier1/bangalore/drive/6yLbS7Tq5uY/6yLbS7Tq5uY-002.mp4",
      "tier1/bangalore/drive/6yLbS7Tq5uY/6yLbS7Tq5uY-008.mp4",
      "tier1/bangalore/drive/6yLbS7Tq5uY/6yLbS7Tq5uY-030.mp4",
      "tier1/bangalore/drive/FlzchFfTruw/FlzchFfTruw-003.mp4",
      "tier1/bangalore/drive/FoDu_Bhak4E/FoDu_Bhak4E-028.mp4",
      "goa/walking/04YKvC8kAgI/04YKvC8kAgI-018.mp4",
      "goa/walking/1bJMoSTs4rA/1bJMoSTs4rA-088.mp4",
      "goa/walking/PKHjc9u3wHg/PKHjc9u3wHg-319.mp4",
      "goa/walking/YX5LXl4bxTg/YX5LXl4bxTg-019.mp4",
      "goa/walking/f2oXG655Wpc/f2oXG655Wpc-015.mp4",
      "goa/walking/gflBqzcPAKs/gflBqzcPAKs-129.mp4",
      "goa/walking/t7xoacYTSJw/t7xoacYTSJw-156.mp4",
      "goa/walking/w2T-gXsHzjE/w2T-gXsHzjE-185.mp4",
      "monuments/gateway_of_india_mumbai/_NofLLZazeA/_NofLLZazeA-029.mp4",
      "monuments/gateway_of_india_mumbai/_NofLLZazeA/_NofLLZazeA-133.mp4",
      "tier1/bangalore/drive/PWTJe65Qw-k/PWTJe65Qw-k-078.mp4",
      "tier1/bangalore/drive/f-52ntfv_Ns/f-52ntfv_Ns-104.mp4",
      "tier1/bangalore/walking/R404-bHTIQ4/R404-bHTIQ4-069.mp4",
      "tier1/bangalore/walking/RA0KAMn1-7c/RA0KAMn1-7c-036.mp4",
      "tier1/bangalore/walking/V09FI-vaTrM/V09FI-vaTrM-016.mp4",
      "tier1/bangalore/walking/W5h3-FyC5aA/W5h3-FyC5aA-049.mp4",
      "tier1/bangalore/walking/WQ7zDW50-Ec/WQ7zDW50-Ec-083.mp4",
      "tier1/bangalore/walking/WQ7zDW50-Ec/WQ7zDW50-Ec-088.mp4",
      "goa/walking/04YKvC8kAgI/04YKvC8kAgI-096.mp4",
      "goa/walking/HnKlAunBJgw/HnKlAunBJgw-145.mp4",
