{"_wandb":{"runtime":723},"_runtime":723,"failed":0,"_timestamp":1.7753197303947806e+09,"_step":56,"clips_processed":106304,"throughput_clips_per_s":14.677244259536787}