{
  "encoder": "vjepa",
  "encoder_dim": 1408,
  "encoder_type": "video",
  "n_clips_aligned": 10000,
  "k_neighbors": 6,
  "compute_time_sec": 18.0,
  "mode": "POC",
  "spearman_rho": 0.297247,
  "spearman_rho_ci": {
    "mean": 0.297247,
    "ci_lo": 0.29109,
    "ci_hi": 0.303034,
    "ci_half": 0.005972
  },
  "spearman_pval": 0.0,
  "n_pairs_sampled": 99991,
  "motion_clusters": 4,
  "temporal_prec_at_k": 43.03,
  "temporal_prec_at_k_ci": {
    "mean": 43.033333,
    "ci_lo": 42.491667,
    "ci_hi": 43.598333,
    "ci_half": 0.553333
  },
  "motion_retrieval_map": 0.7058,
  "motion_retrieval_map_ci": {
    "mean": 0.7058,
    "ci_lo": 0.700041,
    "ci_hi": 0.711541,
    "ci_half": 0.00575
  },
  "temporal_order_sensitivity": {
    "mean": 30.986661911010742,
    "std": 3.9086999893188477,
    "median": 31.280376434326172,
    "n_clips": 10000
  },
  "temporal_locality": {
    "intra_video_dist": 30.6366,
    "inter_video_dist": 41.3644,
    "ratio": 0.7407,
    "ratio_ci": {
      "mean": 0.740652,
      "ci_lo": 0.736704,
      "ci_hi": 0.744742,
      "ci_half": 0.004019
    },
    "n_intra_pairs": 16915,
    "n_inter_pairs": 49945,
    "n_multi_clip_videos": 713
  }
}