{
  "steps": 80,
  "epochs": 1.0,
  "clips_seen": 8960,
  "final_jepa_loss": 1.5531394481658936,
  "final_drift_loss": 0.0,
  "final_total_loss": 1.5531394481658936,
  "final_lr": 1e-07,
  "final_grad_norm": 0.0909307524561882,
  "lambda_reg": 0.0,
  "batch_size": 112
}