{
  "steps": 80,
  "epochs": 1.0,
  "clips_seen": 8960,
  "final_jepa_loss": 1.5483003854751587,
  "final_drift_loss": 0.0016228912863880396,
  "final_total_loss": 1.549923300743103,
  "final_lr": 1e-07,
  "final_grad_norm": 0.09431655704975128,
  "lambda_reg": 0.01,
  "batch_size": 112
}