{"throughput_clips_per_s":0.07831814609034551,"eta_min":0,"_timestamp":1.7722593645395463e+09,"_wandb":{"runtime":262},"_runtime":262,"_step":9,"clips_tagged":20}