{"throughput_clips_per_s":2.1975487109663185,"failed":0,"_timestamp":1.7753844640081482e+09,"_step":227,"clips_processed":20064,"_wandb":{"runtime":4588},"_runtime":4588}