{
  "steps": 36,
  "epochs": 2.0,
  "clips_seen": 1152,
  "final_jepa_loss": 0.470500398427248,
  "final_drift_loss": 0.0,
  "final_total_loss": 0.470500398427248,
  "best_probe_top1": 0.45848,
  "best_val_loss": -1.0,
  "final_lr": 1e-05,
  "final_grad_norm": 0.17271822690963745,
  "lambda_reg": 0.0,
  "batch_size": 32
}