{"_runtime":5665,"failed":0,"_timestamp":1.7752300112193713e+09,"_step":270,"clips_processed":10027,"throughput_clips_per_s":1.7735891963288868,"_wandb":{"runtime":5665}}