{
  "frozen": "vjepa_2_1_frozen",
  "comparisons": [
    {
      "adapted": "vjepa_2_1_surgical_noDI",
      "modes": {
        "easy": {
          "n_clips": 308,
          "n_frozen_only_dropped": 0,
          "n_adapted_only_dropped": 0,
          "metrics": {
            "prec_at_k": {
              "frozen_mean": 77.0021645021645,
              "adapted_mean": 77.32683982683983,
              "delta_mean": 0.324675,
              "delta_ci_lo": -0.270563,
              "delta_ci_hi": 0.919913,
              "delta_ci_half": 0.595238,
              "p_value_vs_zero": 0.3252,
              "n_valid": 308
            },
            "map_at_k": {
              "frozen_mean": 0.7160443722943721,
              "adapted_mean": 0.72129329004329,
              "delta_mean": 0.005249,
              "delta_ci_lo": -0.001067,
              "delta_ci_hi": 0.012229,
              "delta_ci_half": 0.006648,
              "p_value_vs_zero": 0.1202,
              "n_valid": 308
            },
            "cycle_at_k": {
              "frozen_mean": 0.7305194805194806,
              "adapted_mean": 0.7305194805194806,
              "delta_mean": 0.0,
              "delta_ci_lo": -0.025974,
              "delta_ci_hi": 0.025974,
              "delta_ci_half": 0.025974,
              "p_value_vs_zero": 1.0,
              "n_valid": 308
            },
            "ndcg_at_k": {
              "frozen_mean": 0.9751346063848324,
              "adapted_mean": 0.9747941061687417,
              "delta_mean": -0.000341,
              "delta_ci_lo": -0.001365,
              "delta_ci_hi": 0.000684,
              "delta_ci_half": 0.001024,
              "p_value_vs_zero": 0.509,
              "n_valid": 308
            }
          }
        },
        "hard": {
          "n_clips": 308,
          "n_frozen_only_dropped": 0,
          "n_adapted_only_dropped": 0,
          "metrics": {
            "prec_at_k": {
              "frozen_mean": 76.94805194805195,
              "adapted_mean": 77.21861471861472,
              "delta_mean": 0.270563,
              "delta_ci_lo": -0.324675,
              "delta_ci_hi": 0.865801,
              "delta_ci_half": 0.595238,
              "p_value_vs_zero": 0.4158,
              "n_valid": 308
            },
            "map_at_k": {
              "frozen_mean": 0.7151605339105339,
              "adapted_mean": 0.7202651515151515,
              "delta_mean": 0.005105,
              "delta_ci_lo": -0.001227,
              "delta_ci_hi": 0.012058,
              "delta_ci_half": 0.006642,
              "p_value_vs_zero": 0.1338,
              "n_valid": 308
            },
            "cycle_at_k": {
              "frozen_mean": 0.711038961038961,
              "adapted_mean": 0.7175324675324676,
              "delta_mean": 0.006494,
              "delta_ci_lo": -0.022727,
              "delta_ci_hi": 0.035714,
              "delta_ci_half": 0.029221,
              "p_value_vs_zero": 0.7538,
              "n_valid": 308
            },
            "ndcg_at_k": {
              "frozen_mean": 0.9737898927107208,
              "adapted_mean": 0.9734673199506396,
              "delta_mean": -0.000323,
              "delta_ci_lo": -0.001453,
              "delta_ci_hi": 0.000803,
              "delta_ci_half": 0.001128,
              "p_value_vs_zero": 0.5736,
              "n_valid": 308
            }
          }
        }
      }
    }
  ]
}