{"_runtime":576.567984677,"lr":8.315613291203977e-06,"loss/drift":0,"_step":8,"_wandb":{"runtime":576},"loss/jepa":0.47092264890670776,"grad_norm":0.13484151661396027,"throughput_steps_per_s":0.019625894120687975,"loss/total":0.47092264890670776,"_timestamp":1.7753302554833755e+09,"epoch":0}