scene_id,L1_object_accuracy,L1_spatial_coherence,L1_task_clarity,L1_difficulty_alignment,L1_executability,L2_object_accuracy,L2_spatial_coherence,L2_task_clarity,L2_difficulty_alignment,L2_executability,L3_object_accuracy,L3_spatial_coherence,L3_task_clarity,L3_difficulty_alignment,L3_executability
35_Bus_loop.3,1.6666666666666667,2.3333333333333335,2.0,3.0,1.6666666666666667,1.6666666666666667,1.6666666666666667,1.6666666666666667,2.6666666666666665,1.6666666666666667,1.6666666666666667,1.6666666666666667,1.6666666666666667,3.3333333333333335,1.6666666666666667
34_Pedestrian_mall.4,2.3333333333333335,2.3333333333333335,2.6666666666666665,3.3333333333333335,2.3333333333333335,2.6666666666666665,3.0,2.3333333333333335,3.6666666666666665,2.6666666666666665,2.6666666666666665,2.6666666666666665,2.6666666666666665,3.6666666666666665,2.6666666666666665
35_Bus_loop.4,2.0,2.3333333333333335,2.6666666666666665,3.0,2.3333333333333335,3.3333333333333335,3.3333333333333335,3.3333333333333335,4.0,3.3333333333333335,2.3333333333333335,2.0,2.3333333333333335,3.3333333333333335,2.0
37_Fortress_yard.4,1.6666666666666667,1.6666666666666667,2.0,2.3333333333333335,2.0,1.3333333333333333,1.6666666666666667,2.0,3.0,1.6666666666666667,2.3333333333333335,2.0,2.3333333333333335,3.3333333333333335,2.0
