{"epoch_complete":1,"loss/drift":0.00017112024943344295,"grad_norm":0.04686245322227478,"lr":1e-07,"throughput_steps_per_s":0.042556076452608886,"epoch":0,"_wandb":{"runtime":2381},"val/jepa_loss":1.6326873302459717,"val/epoch_pct":99.644128113879,"_timestamp":1.7752243311711552e+09,"loss/total":0.48019909858703613,"_runtime":2381.530389475,"_step":280,"loss/jepa":0.480027973651886}