{"_runtime":120,"_step":0,"temporal_order_sensitivity":{"std":3.5950894355773926,"median":31.1009578704834,"n_clips":115687,"mean":30.89130973815918},"encoder":"vjepa","spearman_rho_ci":{"ci_hi":0.269648,"ci_half":0.005844,"mean":0.263874,"ci_lo":0.257959},"spearman_pval":0,"n_pairs_sampled":99999,"temporal_prec_at_k_ci":{"ci_lo":47.350754,"ci_hi":47.689167,"ci_half":0.169207,"mean":47.520321},"_wandb":{"runtime":120},"n_clips_aligned":115687,"encoder_type":"video","k_neighbors":6,"motion_retrieval_map":0.750993,"temporal_prec_at_k":47.52,"mode":"FULL","_timestamp":1.7753211881116757e+09,"temporal_locality":{"ratio":0.7719,"ratio_ci":{"mean":0.771899,"ci_lo":0.76934,"ci_hi":0.77449,"ci_half":0.002575},"n_intra_pairs":62067,"n_inter_pairs":49858,"n_multi_clip_videos":713,"intra_video_dist":30.4288,"inter_video_dist":39.4208},"compute_time_sec":120.4,"spearman_rho":0.263874,"motion_clusters":4,"motion_retrieval_map_ci":{"mean":0.750993,"ci_lo":0.749366,"ci_hi":0.752568,"ci_half":0.001601},"encoder_dim":1408}