{"_wandb":{"runtime":723},"_runtime":723,"failed":0,"_timestamp":1.77531753267472e+09,"_step":56,"clips_processed":76208,"throughput_clips_per_s":14.718365975919639}