{"loss/jepa":0.482092946767807,"lr":1e-07,"loss/total":0.48260822892189026,"grad_norm":0.0344817154109478,"val/epoch_pct":99.70674486803519,"val/jepa_loss":1.6412387291590373,"_runtime":4681.272510712,"throughput_steps_per_s":0.04489186062740444,"_timestamp":1.7752781143328874e+09,"loss/drift":0.0005152848898433149,"_wandb":{"runtime":4681},"_step":1022,"epoch":0,"epoch_complete":1}