{"_wandb":{"runtime":36},"_runtime":36,"throughput_clips_per_s":1.8943258151301998,"failed":0,"_timestamp":1.7752057884992347e+09,"_step":24,"clips_processed":50}