{"_runtime":42,"_timestamp":1.7752120334596002e+09,"_step":31,"clips_processed":64,"throughput_clips_per_s":2.0437710007039875,"failed":0,"_wandb":{"runtime":42}}