{"_wandb":{"runtime":680},"_runtime":680,"throughput_clips_per_s":14.320242732436075,"failed":0,"_timestamp":1.7753204194645143e+09,"_step":53,"clips_processed":115687}