{"_wandb":{"runtime":709},"_runtime":709,"_step":56,"clips_processed":10032,"throughput_clips_per_s":14.822103268183424,"failed":0,"_timestamp":1.7753120193795705e+09}