step,epoch,loss_jepa,loss_drift,loss_total,lr,grad_norm,throughput
0,0,1.637547,0.000000,1.637547,1.00e-05,1.4199,0.02
1,0,1.629842,0.000000,1.629842,9.50e-06,1.6636,0.02
2,0,1.618739,0.000000,1.618739,8.12e-06,2.2640,0.03
3,0,1.597815,0.000000,1.597815,6.11e-06,0.8897,0.02
4,0,1.629875,0.000000,1.629875,3.89e-06,0.5320,0.02
5,0,1.616418,0.000000,1.616418,1.88e-06,0.4589,0.02
6,0,1.604985,0.000000,1.604985,4.95e-07,0.2715,0.03
7,0,1.575220,0.000000,1.575220,1.00e-07,0.2389,0.02
