{
  "steps": 28,
  "epochs": 1.0,
  "clips_seen": 896,
  "final_jepa_loss": 0.4825238585472107,
  "final_drift_loss": 0.0,
  "final_total_loss": 0.4825238585472107,
  "best_val_loss": 1.6216431856155396,
  "final_lr": 1e-07,
  "final_grad_norm": 0.06372270733118057,
  "lambda_reg": 0.0,
  "batch_size": 32
}