{"clips_processed":70224,"throughput_clips_per_s":14.711852028242028,"failed":0,"_runtime":719,"_wandb":{"runtime":719},"_timestamp":1.7753063000677018e+09,"_step":56}