{"_runtime":2357.449588413,"throughput_steps_per_s":0.043257357863150644,"lr":1e-07,"_wandb":{"runtime":2357},"epoch_complete":1,"epoch":0,"loss/drift":0.0004627715388778597,"loss/total":0.4901807904243469,"_step":280,"grad_norm":0.06097954511642456,"loss/jepa":0.4897180199623108,"val/epoch_pct":99.644128113879,"_timestamp":1.7752218398625677e+09,"val/jepa_loss":1.6313436356457798}