{"_runtime":717,"clips_processed":60192,"throughput_clips_per_s":14.723764509524155,"failed":0,"_timestamp":1.7753055719000154e+09,"_step":56,"_wandb":{"runtime":717}}