{"_timestamp":1.7753077593152215e+09,"_step":56,"clips_processed":90288,"throughput_clips_per_s":14.699671064376274,"_wandb":{"runtime":721},"_runtime":721,"failed":0}