{"_wandb":{"runtime":722},"_timestamp":1.7753167998848622e+09,"_step":56,"clips_processed":66176,"throughput_clips_per_s":14.722071821716662,"failed":0,"_runtime":722}