{"_wandb":{"runtime":5685},"_runtime":5685,"_timestamp":1.7752470642185812e+09,"_step":270,"clips_processed":40108,"throughput_clips_per_s":1.7712490856805352,"failed":0}