{"clips_processed":44992,"_runtime":2803,"_wandb":{"runtime":2803},"throughput_clips_per_s":1.7711074224939312,"failed":0,"_timestamp":1.7752498650415177e+09,"_step":131}