{
  "steps": 28,
  "epochs": 1.0,
  "clips_seen": 896,
  "final_jepa_loss": 0.48472005128860474,
  "final_drift_loss": 0.0007196328369900584,
  "final_total_loss": 0.4854396879673004,
  "best_val_loss": 1.6273536682128906,
  "final_lr": 1e-07,
  "final_grad_norm": 0.6106513142585754,
  "lambda_reg": 0.1,
  "batch_size": 32
}