{
  "steps": 80,
  "epochs": 1.0,
  "clips_seen": 8960,
  "final_jepa_loss": 1.5313925743103027,
  "final_drift_loss": 0.0007427408127114177,
  "final_total_loss": 1.5321353673934937,
  "final_lr": 1e-07,
  "final_grad_norm": 0.09454949200153351,
  "lambda_reg": 0.1,
  "batch_size": 112
}