{"_wandb":{"runtime":716},"_runtime":716,"failed":0,"_timestamp":1.7753033924502065e+09,"_step":56,"clips_processed":30096,"throughput_clips_per_s":14.783110469479492}