{"failed":0,"_timestamp":1.77530194122335e+09,"_step":56,"clips_processed":10032,"_wandb":{"runtime":814},"_runtime":814,"throughput_clips_per_s":14.78394018472077}