{"clips_processed":96272,"throughput_clips_per_s":14.72454352040352,"failed":0,"_timestamp":1.7753189984739842e+09,"_wandb":{"runtime":721},"_runtime":721,"_step":56}