{
  "steps": 312,
  "stages": [
    "stage0_head_only",
    "stage1_layout",
    "stage2_agent",
    "stage3_interaction"
  ],
  "total_factor_clips": 9161,
  "batch_size": 32,
  "final_loss": 0.4582715332508087,
  "probe_history": [
    {
      "num_clips": 136,
      "stage_idx": 0,
      "stage_name": "stage0_head_only",
      "step": 28,
      "global_step": 28,
      "val_jepa_loss": 0.4918177057715023,
      "val_masked_loss": 0.3561633983079125,
      "val_context_loss": 0.2713086096679463,
      "val_multi_task_loss": 0.0,
      "val_motion_aux_loss": 1.3384375770886738,
      "val_drift_loss": 8.484279533149675e-05,
      "val_total_loss": 0.6257463062757012,
      "probe_top1": 0.830882,
      "motion_cos": 0.270004,
      "future_l1": 0.553557,
      "n_probe_clips": 136,
      "bwt": 0.0,
      "block_drift_mean": 0.00085307
    },
    {
      "num_clips": 136,
      "stage_idx": 1,
      "stage_name": "stage1_layout",
      "step": 142,
      "global_step": 142,
      "val_jepa_loss": 0.4759127147057477,
      "val_masked_loss": 0.34698202329523425,
      "val_context_loss": 0.2578613880802603,
      "val_multi_task_loss": 0.0,
      "val_motion_aux_loss": 1.0454244017601013,
      "val_drift_loss": 0.002756466157734394,
      "val_total_loss": 0.5832116210394922,
      "probe_top1": 0.838235,
      "motion_cos": 0.273654,
      "future_l1": 0.535633,
      "n_probe_clips": 136,
      "bwt": 0.007352999999999943,
      "block_drift_mean": 0.00302949
    },
    {
      "num_clips": 136,
      "stage_idx": 2,
      "stage_name": "stage2_agent",
      "step": 143,
      "global_step": 143,
      "val_jepa_loss": 0.4745701393660377,
      "val_masked_loss": 0.345737800878637,
      "val_context_loss": 0.25766467522172365,
      "val_multi_task_loss": 0.0,
      "val_motion_aux_loss": 1.2211262981096904,
      "val_drift_loss": 0.005584800615906715,
      "val_total_loss": 0.6022675697929134,
      "probe_top1": 0.838235,
      "motion_cos": 0.266976,
      "future_l1": 0.5372,
      "n_probe_clips": 136,
      "bwt": 0.007352999999999943,
      "block_drift_mean": 0.00312273
    },
    {
      "num_clips": 136,
      "stage_idx": 2,
      "stage_name": "stage2_agent",
      "step": 227,
      "global_step": 227,
      "val_jepa_loss": 0.46992377147955056,
      "val_masked_loss": 0.34304901606896343,
      "val_context_loss": 0.2537495265988743,
      "val_multi_task_loss": 0.0,
      "val_motion_aux_loss": 1.0214793980121613,
      "val_drift_loss": 0.005296709015965462,
      "val_total_loss": 0.5773684202967322,
      "probe_top1": 0.830882,
      "motion_cos": 0.271109,
      "future_l1": 0.53899,
      "n_probe_clips": 136,
      "bwt": 0.0,
      "block_drift_mean": 0.00362742
    },
    {
      "num_clips": 136,
      "stage_idx": 3,
      "stage_name": "stage3_interaction",
      "step": 286,
      "global_step": 286,
      "val_jepa_loss": 0.4666636814089382,
      "val_masked_loss": 0.3404199901749106,
      "val_context_loss": 0.2524873772088219,
      "val_multi_task_loss": 0.0,
      "val_motion_aux_loss": 1.2393290003140767,
      "val_drift_loss": 0.005028125364333391,
      "val_total_loss": 0.5956247068046793,
      "probe_top1": 0.816176,
      "motion_cos": 0.260887,
      "future_l1": 0.536046,
      "n_probe_clips": 136,
      "bwt": -0.014705999999999997,
      "block_drift_mean": 0.00355821
    },
    {
      "num_clips": 136,
      "stage_idx": 3,
      "stage_name": "stage3_interaction",
      "step": 312,
      "global_step": 312,
      "val_jepa_loss": 0.4656602863003226,
      "val_masked_loss": 0.3400583582765916,
      "val_context_loss": 0.25120384026976195,
      "val_multi_task_loss": 0.0,
      "val_motion_aux_loss": 0.9954226513703665,
      "val_drift_loss": 0.005335552152246237,
      "val_total_loss": 0.5705381035896054,
      "probe_top1": 0.823529,
      "motion_cos": 0.27247,
      "future_l1": 0.533529,
      "n_probe_clips": 136,
      "bwt": -0.007353000000000054,
      "block_drift_mean": 0.00352043
    }
  ],
  "probe_trajectory_stats": {
    "bwt_top1": -0.0074,
    "max_drop_top1": 0.0147,
    "monotonic": false,
    "trajectory": [
      0.8309,
      0.8382,
      0.8382,
      0.8309,
      0.8162,
      0.8235
    ]
  },
  "train_val_split": {
    "train": 9161,
    "val": 136,
    "seed": 42,
    "split_strategy": "external",