{"_wandb":{"runtime":722},"_step":56,"clips_processed":110352,"throughput_clips_per_s":14.725617089872499,"failed":0,"_timestamp":1.7753092205842235e+09,"_runtime":722}