{"clips_processed":30081,"throughput_clips_per_s":1.7708829465005897,"_wandb":{"runtime":5678},"_runtime":5678,"failed":0,"_timestamp":1.775241371397437e+09,"_step":270}