{"clips_processed":50160,"throughput_clips_per_s":14.73475772534213,"failed":0,"_timestamp":1.7753048452982318e+09,"_wandb":{"runtime":718},"_runtime":718,"_step":56}