{
  "frozen": "vjepa_2_1_frozen",
  "surgical": "vjepa_2_1_surgical_3stage_DI",
  "modes": {
    "easy": {
      "n_clips": 308,
      "n_frozen_only_dropped": 0,
      "n_surgical_only_dropped": 0,
      "metrics": {
        "prec_at_k": {
          "frozen_mean": 77.0021645021645,
          "surgical_mean": 77.86796536796538,
          "delta_mean": 0.865801,
          "delta_ci_lo": 0.324675,
          "delta_ci_hi": 1.515152,
          "delta_ci_half": 0.595238,
          "p_value_vs_zero": 0.0038,
          "n_valid": 308
        },
        "map_at_k": {
          "frozen_mean": 0.7157738095238094,
          "surgical_mean": 0.7269390331890333,
          "delta_mean": 0.011165,
          "delta_ci_lo": 0.005438,
          "delta_ci_hi": 0.018095,
          "delta_ci_half": 0.006328,
          "p_value_vs_zero": 0.0002,
          "n_valid": 308
        },
        "cycle_at_k": {
          "frozen_mean": 0.7305194805194806,
          "surgical_mean": 0.7337662337662337,
          "delta_mean": 0.003247,
          "delta_ci_lo": -0.022727,
          "delta_ci_hi": 0.029221,
          "delta_ci_half": 0.025974,
          "p_value_vs_zero": 0.9172,
          "n_valid": 308
        },
        "ndcg_at_k": {
          "frozen_mean": 0.9751854920039785,
          "surgical_mean": 0.9748231127485878,
          "delta_mean": -0.000362,
          "delta_ci_lo": -0.001363,
          "delta_ci_hi": 0.000685,
          "delta_ci_half": 0.001024,
          "p_value_vs_zero": 0.4954,
          "n_valid": 308
        }
      }
    },
    "hard": {
      "n_clips": 308,
      "n_frozen_only_dropped": 0,
      "n_surgical_only_dropped": 0,
      "metrics": {
        "prec_at_k": {
          "frozen_mean": 76.94805194805195,
          "surgical_mean": 77.75974025974025,
          "delta_mean": 0.811688,
          "delta_ci_lo": 0.270563,
          "delta_ci_hi": 1.461039,
          "delta_ci_half": 0.595238,
          "p_value_vs_zero": 0.0066,
          "n_valid": 308
        },
        "map_at_k": {
          "frozen_mean": 0.7148899711399711,
          "surgical_mean": 0.7258928571428571,
          "delta_mean": 0.011003,
          "delta_ci_lo": 0.00533,
          "delta_ci_hi": 0.017938,
          "delta_ci_half": 0.006304,
          "p_value_vs_zero": 0.0002,
          "n_valid": 308
        },
        "cycle_at_k": {
          "frozen_mean": 0.711038961038961,
          "surgical_mean": 0.7175324675324676,
          "delta_mean": 0.006494,
          "delta_ci_lo": -0.022727,
          "delta_ci_hi": 0.035714,
          "delta_ci_half": 0.029221,
          "p_value_vs_zero": 0.7526,
          "n_valid": 308
        },
        "ndcg_at_k": {
          "frozen_mean": 0.9738497975779179,
          "surgical_mean": 0.9737488851598045,
          "delta_mean": -0.000101,
          "delta_ci_lo": -0.001124,
          "delta_ci_hi": 0.000962,
          "delta_ci_half": 0.001043,
          "p_value_vs_zero": 0.8506,
          "n_valid": 308
        }
      }
    }
  }
}