{
  "steps": 281,
  "epochs": 1.0,
  "clips_seen": 8992,
  "final_jepa_loss": 0.4843924939632416,
  "final_drift_loss": 0.0,
  "final_total_loss": 0.4843924939632416,
  "best_val_loss": 1.6283172152259133,
  "final_lr": 1e-07,
  "final_grad_norm": 0.047757621854543686,
  "lambda_reg": 0.0,
  "batch_size": 32
}