{"temporal_order_sensitivity":{"median":31.280376434326172,"n_clips":10000,"mean":30.986661911010742,"std":3.9086999893188477},"n_pairs_sampled":99991,"encoder_dim":1408,"n_clips_aligned":10000,"motion_retrieval_map_ci":{"ci_half":0.005757,"mean":0.705345,"ci_lo":0.699733,"ci_hi":0.711248},"encoder_type":"video_shuffled","temporal_prec_at_k":42.46,"spearman_pval":0,"mode":"POC","encoder":"vjepa_shuffled","_step":0,"_runtime":19,"temporal_locality":{"inter_video_dist":37.6389,"ratio":0.7448,"ratio_ci":{"ci_hi":0.74911,"ci_half":0.004147,"mean":0.74484,"ci_lo":0.740816},"n_intra_pairs":16915,"n_inter_pairs":49945,"n_multi_clip_videos":713,"intra_video_dist":28.0349},"_wandb":{"runtime":19},"motion_clusters":4,"_timestamp":1.7754022757919974e+09,"spearman_rho_ci":{"ci_half":0.005809,"mean":0.317223,"ci_lo":0.311608,"ci_hi":0.323226},"spearman_rho":0.317223,"motion_retrieval_map":0.705345,"k_neighbors":6,"compute_time_sec":19,"temporal_prec_at_k_ci":{"ci_lo":41.921667,"ci_hi":43.013333,"ci_half":0.545833,"mean":42.463333}}