{"clips_processed":46112,"_wandb":{"runtime":717},"_runtime":717,"throughput_clips_per_s":14.764552621392479,"failed":0,"_timestamp":1.7753153367758198e+09,"_step":56}