{
  "steps": 150,
  "stages": [
    "stage1_layout",
    "stage2_agent"
  ],
  "total_factor_clips": 9566,
  "batch_size": 32,
  "final_loss": 0.46673265285789967,
  "probe_history": [
    {
      "num_clips": 500,
      "prec_at_k": {
        "mean": 29.5,
        "ci_lo": 27.233333,
        "ci_hi": 31.976092,
        "ci_half": 2.371379
      },
      "map_at_k": {
        "mean": 21.177222,
        "ci_lo": 19.066111,
        "ci_hi": 23.572244,
        "ci_half": 2.253066
      },
      "cycle_at_k": {
        "mean": 70.2,
        "ci_lo": 66.2,
        "ci_hi": 74.0,
        "ci_half": 3.9
      },
      "val_jepa_loss": 0.47886915934085844,
      "val_masked_loss": 0.34916205853223803,
      "val_context_loss": 0.2594142020344734,
      "stage_idx": 0,
      "stage_name": "stage1_layout",
      "global_step": 29,
      "bwt": 0.0
    },
    {
      "num_clips": 500,
      "prec_at_k": {
        "mean": 29.533333,
        "ci_lo": 27.2,
        "ci_hi": 32.0,
        "ci_half": 2.4
      },
      "map_at_k": {
        "mean": 21.200556,
        "ci_lo": 19.076732,
        "ci_hi": 23.59447,
        "ci_half": 2.258869
      },
      "cycle_at_k": {
        "mean": 70.4,
        "ci_lo": 66.2,
        "ci_hi": 74.2,
        "ci_half": 4.0
      },
      "val_jepa_loss": 0.4734935674667358,
      "val_masked_loss": 0.345746869623661,
      "val_context_loss": 0.25549340164661405,
      "stage_idx": 0,
      "stage_name": "stage1_layout",
      "global_step": 58,
      "bwt": 0.03333299999999895
    },
    {
      "num_clips": 500,
      "prec_at_k": {
        "mean": 29.533333,
        "ci_lo": 27.266667,
        "ci_hi": 32.043641,
        "ci_half": 2.388487
      },
      "map_at_k": {
        "mean": 21.177778,
        "ci_lo": 19.066111,
        "ci_hi": 23.581257,
        "ci_half": 2.257573
      },
      "cycle_at_k": {
        "mean": 70.6,
        "ci_lo": 66.6,
        "ci_hi": 74.585082,
        "ci_half": 3.992541
      },
      "val_jepa_loss": 0.46821643686294556,
      "val_masked_loss": 0.34239281225204465,
      "val_context_loss": 0.2516472489833832,
      "stage_idx": 0,
      "stage_name": "stage1_layout",
      "global_step": 87,
      "bwt": 0.03333299999999895
    },
    {
      "num_clips": 500,
      "prec_at_k": {
        "mean": 29.6,
        "ci_lo": 27.317152,
        "ci_hi": 32.1,
        "ci_half": 2.391424
      },
      "map_at_k": {
        "mean": 21.255,
        "ci_lo": 19.149456,
        "ci_hi": 23.637739,
        "ci_half": 2.244142
      },
      "cycle_at_k": {
        "mean": 70.8,
        "ci_lo": 66.8,
        "ci_hi": 74.6,
        "ci_half": 3.9
      },
      "val_jepa_loss": 0.46704787397384645,
      "val_masked_loss": 0.3417558071613312,
      "val_context_loss": 0.25058413314819333,
      "stage_idx": 0,
      "stage_name": "stage1_layout",
      "global_step": 116,
      "bwt": 0.10000000000000142
    },
    {
      "num_clips": 500,
      "prec_at_k": {
        "mean": 29.6,
        "ci_lo": 27.3,
        "ci_hi": 32.1,
        "ci_half": 2.4
      },
      "map_at_k": {
        "mean": 21.265556,
        "ci_lo": 19.163889,
        "ci_hi": 23.655408,
        "ci_half": 2.245759
      },
      "cycle_at_k": {
        "mean": 70.8,
        "ci_lo": 66.8,
        "ci_hi": 74.6,
        "ci_half": 3.9
      },
      "val_jepa_loss": 0.4645646452903748,
      "val_masked_loss": 0.340139107465744,
      "val_context_loss": 0.24885107505321502,
      "stage_idx": 0,
      "stage_name": "stage1_layout",
      "global_step": 145,
      "bwt": 0.10000000000000142
    },
    {
      "num_clips": 500,
      "prec_at_k": {
        "mean": 29.6,
        "ci_lo": 27.333333,
        "ci_hi": 32.1,
        "ci_half": 2.383333
      },
      "map_at_k": {
        "mean": 21.265556,
        "ci_lo": 19.172481,
        "ci_hi": 23.65004,
        "ci_half": 2.23878
      },
      "cycle_at_k": {
        "mean": 70.8,
        "ci_lo": 66.8,
        "ci_hi": 74.6,
        "ci_half": 3.9
      },
      "val_jepa_loss": 0.46465551924705506,
      "val_masked_loss": 0.340289897441864,
      "val_context_loss": 0.2487312445640564,
      "stage_idx": 0,
      "stage_name": "stage1_layout",
      "global_step": 149,
      "bwt": 0.10000000000000142
    },
    {
      "num_clips": 500,
      "prec_at_k": {
        "mean": 29.6,
        "ci_lo": 27.333333,
        "ci_hi": 32.1,
        "ci_half": 2.383333
      },
      "map_at_k": {
        "mean": 21.265556,
        "ci_lo": 19.172481,
        "ci_hi": 23.65004,
        "ci_half": 2.23878
      },
      "cycle_at_k": {
        "mean": 71.0,
        "ci_lo": 66.8,
        "ci_hi": 74.8,
        "ci_half": 4.0
      },
      "val_jepa_loss": 0.46410987854003904,
      "val_masked_loss": 0.33988757824897764,
      "val_context_loss": 0.24844459962844848,
      "stage_idx": 1,
      "stage_name": "stage2_agent",
      "global_step": 150,
      "bwt": 0.10000000000000142
    }
  ],
  "probe_trajectory_stats": {
    "bwt_prec_at_k": 0.1,
    "max_drop_prec_at_k": 0.0,
    "monotonic": true,
    "trajectory": [
      29.5,
      29.5333,
      29.5333,
      29.6,
      29.6,
      29.6,
      29.6
    ]
  },
  "train_val_split": {
    "train": 9566,
    "val": 500,
    "split_ratio": 0.9,
    "seed": 42,
    "split_strategy": "permanent",
    "max_val_clips": null,
    "val_split_path": "/workspace/factorjepa/outputs/full/m09c_surgery/val_split.json"
  },
  "best_ckpt": {
    "prec_at_k": 29.6,
    "global_step": 116,
    "stage_name": "stage1_layout",
    "probe_record": {
      "num_clips": 500,
      "prec_at_k": {
        "mean": 29.6,
        "ci_lo": 27.317152,
        "ci_hi": 32.1,
        "ci_half": 2.391424
      },
      "map_at_k": {
        "mean": 21.255,
        "ci_lo": 19.149456,
        "ci_hi": 23.637739,
        "ci_half": 2.244142
      },
      "cycle_at_k": {
        "mean": 70.8,
        "ci_lo": 66.8,
        "ci_hi": 74.6,
        "ci_half": 3.9
      },
      "val_jepa_loss": 0.46704787397384645,
      "val_masked_loss": 0.3417558071613312,
      "val_context_loss": 0.25058413314819333,
      "stage_idx": 0,
      "stage_name": "stage1_layout",
      "global_step": 116,
      "bwt": 0.10000000000000142
    }
  },
  "early_stop": {
    "triggered": true,
    "reason": "prec_at_k_plateau",
    "catastrophic_forgetting": {
      "enabled": true,
      "strikes_at_end": 0,
      "threshold_pct": 5.0,
      "patience": 3
    },
    "val_loss_plateau": {
      "enabled": true,
      "min_delta": 0.001,
      "patience": 5
    },
    "prec_at_k_plateau": {
      "enabled": true,
      "min_delta_pp": 0.3,
      "patience": 5,
      "recent_values": [
        29.5,
        29.533333,
        29.533333,
        29.6,
        29.6,
        29.6,
        29.6
      ]
    },
    "negative_bwt": {
      "enabled": true,
      "strikes_at_end": 0,
      "first_prec_at_k": 29.5,
      "ci_fraction": 0.5,
      "absolute_floor_pp": 0.3,
      "tolerance_pct_legacy": 0.5,
      "patience": 3
    }
  }
}