{"_timestamp":1.7753146102654967e+09,"_wandb":{"runtime":712},"_runtime":712,"_step":56,"clips_processed":36080,"throughput_clips_per_s":14.685304985095021,"failed":0}