{
  "steps": 3,
  "stages": [
    "stage1_layout",
    "stage2_agent",
    "stage3_interaction"
  ],
  "total_factor_clips": 91,
  "batch_size": 32,
  "final_loss": 0.5054364204406738,
  "probe_history": [
    {
      "num_clips": 930,
      "stage_idx": 0,
      "stage_name": "stage1_layout",
      "global_step": 1,
      "val_jepa_loss": 0.5024722114686043,
      "val_masked_loss": 0.3639888184685861,
      "val_context_loss": 0.27696678157775634,
      "val_multi_task_loss": 0.0,
      "val_motion_aux_loss": 1.6625183942990425,
      "val_drift_loss": 0.003571318229660392,
      "val_total_loss": 0.672295369128169,
      "probe_top1": 0.744898,
      "motion_cos": 0.274408,
      "future_l1": 0.56136,
      "n_probe_clips": 98,
      "bwt": 0.0,
      "block_drift_mean": 0.00031327
    },
    {
      "num_clips": 930,
      "stage_idx": 1,
      "stage_name": "stage2_agent",
      "global_step": 2,
      "val_jepa_loss": 0.5014068707343071,
      "val_masked_loss": 0.3629241201185411,
      "val_context_loss": 0.27696550450017376,
      "val_multi_task_loss": 0.0,
      "val_motion_aux_loss": 2.270668852023589,
      "val_drift_loss": 0.0117477523162961,
      "val_total_loss": 0.7402215082529622,
      "probe_top1": 0.72449,
      "motion_cos": 0.248207,
      "future_l1": 0.560059,
      "n_probe_clips": 98,
      "bwt": -0.02040799999999998,
      "block_drift_mean": 0.00061151
    },
    {
      "num_clips": 930,
      "stage_idx": 2,
      "stage_name": "stage3_interaction",
      "global_step": 3,
      "val_jepa_loss": 0.4992359257513477,
      "val_masked_loss": 0.36158043357633773,
      "val_context_loss": 0.2753109843500199,
      "val_multi_task_loss": 0.0,
      "val_motion_aux_loss": 1.7522224279550405,
      "val_drift_loss": 0.01123965997248888,
      "val_total_loss": 0.6856978285193406,
      "probe_top1": 0.714286,
      "motion_cos": 0.265143,
      "future_l1": 0.560081,
      "n_probe_clips": 98,
      "bwt": -0.030611999999999973,
      "block_drift_mean": 0.00056229
    }
  ],
  "probe_trajectory_stats": {
    "bwt_top1": -0.0306,
    "max_drop_top1": 0.0204,
    "monotonic": false,
    "trajectory": [
      0.7449,
      0.7245,
      0.7143
    ]
  },
  "train_val_split": {
    "train": 8367,
    "val": 930,
    "split_ratio": 0.9,
    "seed": 42,
    "split_strategy": "internal_split",
    "max_val_clips": 1000,
    "val_split_path": "outputs/poc/m09c_surgery_3stage_DI/val_split.json"
  },
  "best_ckpt": {
    "top1": 0.744898,
    "motion_cos": 0.274408,
    "future_l1": 0.56136,
    "global_step": 1,
    "stage_name": "stage1_layout",
    "probe_record": {
      "num_clips": 930,
      "stage_idx": 0,
      "stage_name": "stage1_layout",
      "global_step": 1,
      "val_jepa_loss": 0.5024722114686043,
      "val_masked_loss": 0.3639888184685861,
      "val_context_loss": 0.27696678157775634,
      "val_multi_task_loss": 0.0,
      "val_motion_aux_loss": 1.6625183942990425,
      "val_drift_loss": 0.003571318229660392,
      "val_total_loss": 0.672295369128169,
      "probe_top1": 0.744898,
      "motion_cos": 0.274408,
      "future_l1": 0.56136,
      "n_probe_clips": 98,
      "bwt": 0.0,
      "block_drift_mean": 0.00031327
    }
  },
  "early_stop": {
    "triggered": false,
    "reason": null,
    "top1_plateau": {
      "enabled": true,
      "min_delta": 0.005,
      "patience": 5,
      "recent_values": [
        0.714286
      ]
    }
  }
}