{
  "steps": 56,
  "epochs": 1.0,
  "clips_seen": 896,
  "final_jepa_loss": 0.4744639992713928,
  "final_drift_loss": 0.0,
  "final_total_loss": 0.4744639992713928,
  "best_val_loss": Infinity,
  "final_lr": 1e-07,
  "final_grad_norm": 0.06795161962509155,
  "lambda_reg": 0.0,
  "batch_size": 16
}