{"_runtime":721,"_timestamp":1.7753084900665114e+09,"_step":56,"clips_processed":100320,"throughput_clips_per_s":14.728437019941886,"failed":0,"_wandb":{"runtime":721}}