{"failed":0,"_timestamp":1.7753070286602526e+09,"_step":56,"_wandb":{"runtime":719},"_runtime":719,"clips_processed":80256,"throughput_clips_per_s":14.723545432154173}