{
  "frozen": "vjepa_2_1_frozen",
  "surgical": "vjepa_2_1_surgical_noDI",
  "modes": {
    "easy": {
      "n_clips": 308,
      "n_frozen_only_dropped": 0,
      "n_surgical_only_dropped": 0,
      "metrics": {
        "prec_at_k": {
          "frozen_mean": 77.0021645021645,
          "surgical_mean": 77.32683982683983,
          "delta_mean": 0.324675,
          "delta_ci_lo": -0.21645,
          "delta_ci_hi": 0.919913,
          "delta_ci_half": 0.568182,
          "p_value_vs_zero": 0.314,
          "n_valid": 308
        },
        "map_at_k": {
          "frozen_mean": 0.7157738095238094,
          "surgical_mean": 0.72129329004329,
          "delta_mean": 0.005519,
          "delta_ci_lo": -0.000604,
          "delta_ci_hi": 0.012338,
          "delta_ci_half": 0.006471,
          "p_value_vs_zero": 0.0986,
          "n_valid": 308
        },
        "cycle_at_k": {
          "frozen_mean": 0.7305194805194806,
          "surgical_mean": 0.7305194805194806,
          "delta_mean": 0.0,
          "delta_ci_lo": -0.025974,
          "delta_ci_hi": 0.025974,
          "delta_ci_half": 0.025974,
          "p_value_vs_zero": 1.0,
          "n_valid": 308
        },
        "ndcg_at_k": {
          "frozen_mean": 0.9751854920039785,
          "surgical_mean": 0.9747941061687417,
          "delta_mean": -0.000391,
          "delta_ci_lo": -0.001416,
          "delta_ci_hi": 0.00063,
          "delta_ci_half": 0.001023,
          "p_value_vs_zero": 0.4402,
          "n_valid": 308
        }
      }
    },
    "hard": {
      "n_clips": 308,
      "n_frozen_only_dropped": 0,
      "n_surgical_only_dropped": 0,
      "metrics": {
        "prec_at_k": {
          "frozen_mean": 76.94805194805195,
          "surgical_mean": 77.21861471861472,
          "delta_mean": 0.270563,
          "delta_ci_lo": -0.270563,
          "delta_ci_hi": 0.865801,
          "delta_ci_half": 0.568182,
          "p_value_vs_zero": 0.4068,
          "n_valid": 308
        },
        "map_at_k": {
          "frozen_mean": 0.7148899711399711,
          "surgical_mean": 0.7202651515151515,
          "delta_mean": 0.005375,
          "delta_ci_lo": -0.00077,
          "delta_ci_hi": 0.01217,
          "delta_ci_half": 0.00647,
          "p_value_vs_zero": 0.108,
          "n_valid": 308
        },
        "cycle_at_k": {
          "frozen_mean": 0.711038961038961,
          "surgical_mean": 0.7175324675324676,
          "delta_mean": 0.006494,
          "delta_ci_lo": -0.022727,
          "delta_ci_hi": 0.035714,
          "delta_ci_half": 0.029221,
          "p_value_vs_zero": 0.7538,
          "n_valid": 308
        },
        "ndcg_at_k": {
          "frozen_mean": 0.9738497975779179,
          "surgical_mean": 0.9734673199506396,
          "delta_mean": -0.000382,
          "delta_ci_lo": -0.001514,
          "delta_ci_hi": 0.000741,
          "delta_ci_half": 0.001128,
          "p_value_vs_zero": 0.5056,
          "n_valid": 308
        }
      }
    }
  }
}