{"_timestamp":1.7753182665573325e+09,"_wandb":{"runtime":723},"_runtime":723,"_step":56,"clips_processed":86240,"throughput_clips_per_s":14.65057310389794,"failed":0}