{"encoder_dim":1408,"temporal_locality":{"ratio":0.7407,"ratio_ci":{"mean":0.740652,"ci_lo":0.736704,"ci_hi":0.744742,"ci_half":0.004019},"n_intra_pairs":16915,"n_inter_pairs":49945,"n_multi_clip_videos":713,"intra_video_dist":30.6366,"inter_video_dist":41.3644},"motion_retrieval_map":0.7058,"n_clips_aligned":10000,"_timestamp":1.7754017609126828e+09,"_wandb":{"runtime":19},"spearman_rho_ci":{"ci_lo":0.29109,"ci_hi":0.303034,"ci_half":0.005972,"mean":0.297247},"spearman_pval":0,"mode":"POC","encoder_type":"video","motion_clusters":4,"compute_time_sec":19,"_step":0,"motion_retrieval_map_ci":{"ci_hi":0.711541,"ci_half":0.00575,"mean":0.7058,"ci_lo":0.700041},"_runtime":19,"encoder":"vjepa","spearman_rho":0.297247,"n_pairs_sampled":99991,"temporal_prec_at_k":43.03,"temporal_order_sensitivity":{"median":31.280376434326172,"n_clips":10000,"mean":30.986661911010742,"std":3.9086999893188477},"k_neighbors":6,"temporal_prec_at_k_ci":{"ci_hi":43.598333,"ci_half":0.553333,"mean":43.033333,"ci_lo":42.491667}}