{
  "frozen": "vjepa_2_1_frozen",
  "comparisons": [
    {
      "adapted": "vjepa_2_1_explora",
      "modes": {
        "easy": {
          "n_clips": 308,
          "n_frozen_only_dropped": 0,
          "n_adapted_only_dropped": 0,
          "metrics": {
            "prec_at_k": {
              "frozen_mean": 77.0021645021645,
              "adapted_mean": 77.27272727272727,
              "delta_mean": 0.270563,
              "delta_ci_lo": -0.21645,
              "delta_ci_hi": 0.757576,
              "delta_ci_half": 0.487013,
              "p_value_vs_zero": 0.2892,
              "n_valid": 308
            },
            "map_at_k": {
              "frozen_mean": 0.7160443722943721,
              "adapted_mean": 0.7188672438672439,
              "delta_mean": 0.002823,
              "delta_ci_lo": -0.002029,
              "delta_ci_hi": 0.008,
              "delta_ci_half": 0.005014,
              "p_value_vs_zero": 0.2716,
              "n_valid": 308
            },
            "cycle_at_k": {
              "frozen_mean": 0.7305194805194806,
              "adapted_mean": 0.724025974025974,
              "delta_mean": -0.006494,
              "delta_ci_lo": -0.025974,
              "delta_ci_hi": 0.012987,
              "delta_ci_half": 0.019481,
              "p_value_vs_zero": 0.6262,
              "n_valid": 308
            },
            "ndcg_at_k": {
              "frozen_mean": 0.9751346063848324,
              "adapted_mean": 0.9756928801094289,
              "delta_mean": 0.000558,
              "delta_ci_lo": -0.000244,
              "delta_ci_hi": 0.001474,
              "delta_ci_half": 0.000859,
              "p_value_vs_zero": 0.2068,
              "n_valid": 308
            }
          }
        },
        "hard": {
          "n_clips": 308,
          "n_frozen_only_dropped": 0,
          "n_adapted_only_dropped": 0,
          "metrics": {
            "prec_at_k": {
              "frozen_mean": 76.94805194805195,
              "adapted_mean": 77.21861471861473,
              "delta_mean": 0.270563,
              "delta_ci_lo": -0.21645,
              "delta_ci_hi": 0.757576,
              "delta_ci_half": 0.487013,
              "p_value_vs_zero": 0.2892,
              "n_valid": 308
            },
            "map_at_k": {
              "frozen_mean": 0.7151605339105339,
              "adapted_mean": 0.718488455988456,
              "delta_mean": 0.003328,
              "delta_ci_lo": -0.001538,
              "delta_ci_hi": 0.008559,
              "delta_ci_half": 0.005048,
              "p_value_vs_zero": 0.2002,
              "n_valid": 308
            },
            "cycle_at_k": {
              "frozen_mean": 0.711038961038961,
              "adapted_mean": 0.711038961038961,
              "delta_mean": 0.0,
              "delta_ci_lo": -0.022727,
              "delta_ci_hi": 0.025974,
              "delta_ci_half": 0.024351,
              "p_value_vs_zero": 1.0,
              "n_valid": 308
            },
            "ndcg_at_k": {
              "frozen_mean": 0.9737898927107208,
              "adapted_mean": 0.9741481717469683,
              "delta_mean": 0.000358,
              "delta_ci_lo": -0.000608,
              "delta_ci_hi": 0.001332,
              "delta_ci_half": 0.00097,
              "p_value_vs_zero": 0.483,
              "n_valid": 308
            }
          }
        }
      }
    },
    {
      "adapted": "vjepa_2_1_surgical_noDI",
      "modes": {
        "easy": {
          "n_clips": 308,
          "n_frozen_only_dropped": 0,
          "n_adapted_only_dropped": 0,
          "metrics": {
            "prec_at_k": {
              "frozen_mean": 77.0021645021645,
              "adapted_mean": 77.32683982683983,
              "delta_mean": 0.324675,
              "delta_ci_lo": -0.270563,
              "delta_ci_hi": 0.919913,
              "delta_ci_half": 0.595238,
              "p_value_vs_zero": 0.3252,
              "n_valid": 308
            },
            "map_at_k": {
              "frozen_mean": 0.7160443722943721,
              "adapted_mean": 0.72129329004329,
              "delta_mean": 0.005249,
              "delta_ci_lo": -0.001067,
              "delta_ci_hi": 0.012229,
              "delta_ci_half": 0.006648,
              "p_value_vs_zero": 0.1202,
              "n_valid": 308
            },
            "cycle_at_k": {
              "frozen_mean": 0.7305194805194806,
              "adapted_mean": 0.7305194805194806,
              "delta_mean": 0.0,
              "delta_ci_lo": -0.025974,
              "delta_ci_hi": 0.025974,
              "delta_ci_half": 0.025974,
              "p_value_vs_zero": 1.0,
              "n_valid": 308
            },
            "ndcg_at_k": {
              "frozen_mean": 0.9751346063848324,
              "adapted_mean": 0.9747941061687417,
              "delta_mean": -0.000341,
              "delta_ci_lo": -0.001365,
              "delta_ci_hi": 0.000684,
              "delta_ci_half": 0.001024,
              "p_value_vs_zero": 0.509,
              "n_valid": 308
            }
          }
        },
        "hard": {
          "n_clips": 308,
          "n_frozen_only_dropped": 0,
          "n_adapted_only_dropped": 0,
          "metrics": {
            "prec_at_k": {
              "frozen_mean": 76.94805194805195,
              "adapted_mean": 77.21861471861472,
              "delta_mean": 0.270563,
              "delta_ci_lo": -0.324675,
              "delta_ci_hi": 0.865801,
              "delta_ci_half": 0.595238,
              "p_value_vs_zero": 0.4158,
              "n_valid": 308
            },
            "map_at_k": {
              "frozen_mean": 0.7151605339105339,
              "adapted_mean": 0.7202651515151515,
              "delta_mean": 0.005105,
              "delta_ci_lo": -0.001227,
              "delta_ci_hi": 0.012058,
              "delta_ci_half": 0.006642,
              "p_value_vs_zero": 0.1338,
              "n_valid": 308
            },
            "cycle_at_k": {
              "frozen_mean": 0.711038961038961,
              "adapted_mean": 0.7175324675324676,
              "delta_mean": 0.006494,
              "delta_ci_lo": -0.022727,
              "delta_ci_hi": 0.035714,
              "delta_ci_half": 0.029221,
              "p_value_vs_zero": 0.7538,
              "n_valid": 308
            },
            "ndcg_at_k": {
              "frozen_mean": 0.9737898927107208,
              "adapted_mean": 0.9734673199506396,
              "delta_mean": -0.000323,
              "delta_ci_lo": -0.001453,
              "delta_ci_hi": 0.000803,
              "delta_ci_half": 0.001128,
              "p_value_vs_zero": 0.5736,
              "n_valid": 308
            }
          }
        }
      }
    },
    {
      "adapted": "vjepa_2_1_surgical_3stage_DI",
      "modes": {
        "easy": {
          "n_clips": 308,
          "n_frozen_only_dropped": 0,
          "n_adapted_only_dropped": 0,
          "metrics": {
            "prec_at_k": {
              "frozen_mean": 77.0021645021645,
              "adapted_mean": 77.86796536796538,
              "delta_mean": 0.865801,
              "delta_ci_lo": 0.270563,
              "delta_ci_hi": 1.515152,
              "delta_ci_half": 0.622294,
              "p_value_vs_zero": 0.0066,
              "n_valid": 308
            },
            "map_at_k": {
              "frozen_mean": 0.7160443722943721,
              "adapted_mean": 0.7269390331890333,
              "delta_mean": 0.010895,
              "delta_ci_lo": 0.004961,
              "delta_ci_hi": 0.017812,
              "delta_ci_half": 0.006425,
              "p_value_vs_zero": 0.0004,
              "n_valid": 308
            },
            "cycle_at_k": {
              "frozen_mean": 0.7305194805194806,
              "adapted_mean": 0.7337662337662337,
              "delta_mean": 0.003247,
              "delta_ci_lo": -0.022727,
              "delta_ci_hi": 0.029221,
              "delta_ci_half": 0.025974,