{"failed":0,"_timestamp":1.7753096328651607e+09,"_step":30,"clips_processed":115687,"throughput_clips_per_s":14.550841196960524,"_wandb":{"runtime":402},"_runtime":402}