{
  "steps": 284,
  "stages": [
    "stage1_layout",
    "stage2_agent",
    "stage3_interaction"
  ],
  "total_factor_clips": 9161,
  "batch_size": 32,
  "final_loss": 0.46810023859143257,
  "probe_history": [
    {
      "num_clips": 136,
      "stage_idx": 0,
      "stage_name": "stage1_layout",
      "step": 114,
      "global_step": 114,
      "val_jepa_loss": 0.4757956809857312,
      "val_masked_loss": 0.34658734237446504,
      "val_context_loss": 0.25841666845714345,
      "val_multi_task_loss": 0.0,
      "val_motion_aux_loss": 0.9637223879496256,
      "val_drift_loss": 0.002834536135196686,
      "val_total_loss": 0.5750024559158905,
      "probe_top1": 0.830882,
      "motion_cos": 0.272167,
      "future_l1": 0.538967,
      "n_probe_clips": 136,
      "bwt": 0.0,
      "block_drift_mean": 0.00287124
    },
    {
      "num_clips": 136,
      "stage_idx": 1,
      "stage_name": "stage2_agent",
      "step": 143,
      "global_step": 143,
      "val_jepa_loss": 0.47300027749117685,
      "val_masked_loss": 0.3446257587741403,
      "val_context_loss": 0.2567490321748397,
      "val_multi_task_loss": 0.0,
      "val_motion_aux_loss": 1.1762973467508953,
      "val_drift_loss": 0.005874632857739925,
      "val_total_loss": 0.5965046450240064,
      "probe_top1": 0.823529,
      "motion_cos": 0.272953,
      "future_l1": 0.542452,
      "n_probe_clips": 136,
      "bwt": -0.007353000000000054,
      "block_drift_mean": 0.00322924
    },
    {
      "num_clips": 136,
      "stage_idx": 1,
      "stage_name": "stage2_agent",
      "step": 199,
      "global_step": 199,
      "val_jepa_loss": 0.47292500559021444,
      "val_masked_loss": 0.3446792732266819,
      "val_context_loss": 0.2564914594678318,
      "val_multi_task_loss": 0.0,
      "val_motion_aux_loss": 1.3097102046012878,
      "val_drift_loss": 0.006478705443441868,
      "val_total_loss": 0.6103747314937851,
      "probe_top1": 0.830882,
      "motion_cos": 0.264208,
      "future_l1": 0.540247,
      "n_probe_clips": 136,
      "bwt": 0.0,
      "block_drift_mean": 0.00362349
    },
    {
      "num_clips": 136,
      "stage_idx": 2,
      "stage_name": "stage3_interaction",
      "step": 284,
      "global_step": 284,
      "val_jepa_loss": 0.4682511634686414,
      "val_masked_loss": 0.34178146895240336,
      "val_context_loss": 0.2529393864028594,
      "val_multi_task_loss": 0.0,
      "val_motion_aux_loss": 1.0777234931786854,
      "val_drift_loss": 0.0046938038431108,
      "val_total_loss": 0.5807173166296207,
      "probe_top1": 0.823529,
      "motion_cos": 0.268424,
      "future_l1": 0.534529,
      "n_probe_clips": 136,
      "bwt": -0.007353000000000054,
      "block_drift_mean": 0.00351697
    }
  ],
  "probe_trajectory_stats": {
    "bwt_top1": -0.0074,
    "max_drop_top1": 0.0074,
    "monotonic": false,
    "trajectory": [
      0.8309,
      0.8235,
      0.8309,
      0.8235
    ]
  },
  "train_val_split": {
    "train": 9161,
    "val": 136,
    "seed": 42,
    "split_strategy": "external",
    "val_clip_keys": [
      "goa/walking/1bJMoSTs4rA/1bJMoSTs4rA-169.mp4",
      "goa/walking/C6Tn_V6-EXg/C6Tn_V6-EXg-164.mp4",
      "goa/walking/X2GEIVQCk6w/X2GEIVQCk6w-029.mp4",
      "tier1/mumbai/drone/0ckImiKkVLg/0ckImiKkVLg-024.mp4",
      "tier1/mumbai/drone/6mZN5BfMR3A/6mZN5BfMR3A-026.mp4",
      "tier2/chandigarh/walking/27z-Lz4Q95s/27z-Lz4Q95s-021.mp4",
      "tier2/jaipur/rain/anJGe7otklA/anJGe7otklA-016.mp4",
      "tier2/thiruvananthapuram/drive/Uz9J8tfYlvY/Uz9J8tfYlvY-055.mp4",
      "tier2/varanasi/drive/5sxCg1OuYds/5sxCg1OuYds-034.mp4",
      "tier2/visakhapatnam/drone/vidWT9meMD8/vidWT9meMD8-030.mp4",
      "goa/walking/1bJMoSTs4rA/1bJMoSTs4rA-170.mp4",
      "goa/walking/GT89Ljv5zc8/GT89Ljv5zc8-061.mp4",
      "goa/walking/HnKlAunBJgw/HnKlAunBJgw-137.mp4",
      "goa/walking/LTCSPZap5EY/LTCSPZap5EY-137.mp4",
      "goa/walking/QnWhWcry8rM/QnWhWcry8rM-067.mp4",
      "goa/walking/QnWhWcry8rM/QnWhWcry8rM-101.mp4",
      "goa/walking/QnWhWcry8rM/QnWhWcry8rM-181.mp4",
      "goa/walking/X2GEIVQCk6w/X2GEIVQCk6w-057.mp4",
      "goa/walking/Y8Ea5ZpV7n8/Y8Ea5ZpV7n8-068.mp4",
      "goa/walking/Y8Ea5ZpV7n8/Y8Ea5ZpV7n8-076.mp4",
      "goa/walking/Y8Ea5ZpV7n8/Y8Ea5ZpV7n8-091.mp4",
      "goa/walking/YX5LXl4bxTg/YX5LXl4bxTg-007.mp4",
      "goa/walking/YX5LXl4bxTg/YX5LXl4bxTg-140.mp4",
      "goa/walking/jQPs0LTwVwY/jQPs0LTwVwY-129.mp4",
      "goa/walking/yP6LURr0e5Y/yP6LURr0e5Y-022.mp4",
      "goa/walking/yP6LURr0e5Y/yP6LURr0e5Y-034.mp4",
      "monuments/red_fort_delhi/TWqaSTSWzus/TWqaSTSWzus-138.mp4",
      "monuments/red_fort_delhi/TWqaSTSWzus/TWqaSTSWzus-150.mp4",
      "goa/walking/04YKvC8kAgI/04YKvC8kAgI-009.mp4",
      "goa/walking/1bJMoSTs4rA/1bJMoSTs4rA-104.mp4",
      "goa/walking/GT89Ljv5zc8/GT89Ljv5zc8-054.mp4",
      "goa/walking/GT89Ljv5zc8/GT89Ljv5zc8-089.mp4",
      "goa/walking/X2GEIVQCk6w/X2GEIVQCk6w-062.mp4",
      "goa/walking/XaI7QtqS4O8/XaI7QtqS4O8-017.mp4",
      "goa/walking/vDnO_KXr0us/vDnO_KXr0us-008.mp4",
      "tier1/bangalore/walking/SSj4DGxgah0/SSj4DGxgah0-055.mp4",
      "tier1/bangalore/walking/W5h3-FyC5aA/W5h3-FyC5aA-032.mp4",
      "tier1/chennai/walking/dn3GEZ_psoo/dn3GEZ_psoo-227.mp4",
      "tier1/delhi/drive/GF0jiddlmN0/GF0jiddlmN0-059.mp4",
      "tier1/delhi/drive/VT143EZ_-eA/VT143EZ_-eA-239.mp4",
      "tier1/delhi/drive/whIq0Xu9cDU/whIq0Xu9cDU-194.mp4",
      "tier1/delhi/walking/5Voa7WduPtw/5Voa7WduPtw-136.mp4",
      "tier1/hyderabad/drive/AQMiq71sQCo/AQMiq71sQCo-003.mp4",
      "tier1/hyderabad/drive/GnW9pF6AAKA/GnW9pF6AAKA-021.mp4",
      "tier1/hyderabad/drive/d4FyAkD7ZlY/d4FyAkD7ZlY-006.mp4",
      "tier1/hyderabad/drive/hOP7vo72ErY/hOP7vo72ErY-109.mp4",
      "goa/walking/04YKvC8kAgI/04YKvC8kAgI-072.mp4",
      "goa/walking/HnKlAunBJgw/HnKlAunBJgw-020.mp4",
      "goa/walking/LcTItaFqA-8/LcTItaFqA-8-019.mp4",
      "goa/walking/LcTItaFqA-8/LcTItaFqA-8-026.mp4",
      "goa/walking/X2GEIVQCk6w/X2GEIVQCk6w-018.mp4",
      "goa/walking/XeOliFWJBVg/XeOliFWJBVg-098.mp4",
      "goa/walking/ZnpFrYOjQKQ/ZnpFrYOjQKQ-271.mp4",
      "goa/walking/gflBqzcPAKs/gflBqzcPAKs-118.mp4",
      "goa/walking/yP6LURr0e5Y/yP6LURr0e5Y-119.mp4",
      "monuments/red_fort_delhi/TWqaSTSWzus/TWqaSTSWzus-045.mp4",
      "monuments/red_fort_delhi/TWqaSTSWzus/TWqaSTSWzus-086.mp4",
      "tier1/bangalore/drive/0dsDjXBthT0/0dsDjXBthT0-004.mp4",
      "tier1/bangalore/drive/3T7XZ1lE9Vo/3T7XZ1lE9Vo-036.mp4",
      "tier1/bangalore/drive/6yLbS7Tq5uY/6yLbS7Tq5uY-002.mp4",
      "tier1/bangalore/drive/6yLbS7Tq5uY/6yLbS7Tq5uY-008.mp4",
      "tier1/bangalore/drive/6yLbS7Tq5uY/6yLbS7Tq5uY-030.mp4",
      "tier1/bangalore/drive/FlzchFfTruw/FlzchFfTruw-003.mp4",
      "tier1/bangalore/drive/FoDu_Bhak4E/FoDu_Bhak4E-028.mp4",
      "goa/walking/04YKvC8kAgI/04YKvC8kAgI-018.mp4",
      "goa/walking/1bJMoSTs4rA/1bJMoSTs4rA-088.mp4",
      "goa/walking/PKHjc9u3wHg/PKHjc9u3wHg-319.mp4",
      "goa/walking/YX5LXl4bxTg/YX5LXl4bxTg-019.mp4",
      "goa/walking/f2oXG655Wpc/f2oXG655Wpc-015.mp4",
      "goa/walking/gflBqzcPAKs/gflBqzcPAKs-129.mp4",
      "goa/walking/t7xoacYTSJw/t7xoacYTSJw-156.mp4",
      "goa/walking/w2T-gXsHzjE/w2T-gXsHzjE-185.mp4",
      "monuments/gateway_of_india_mumbai/_NofLLZazeA/_NofLLZazeA-029.mp4",
      "monuments/gateway_of_india_mumbai/_NofLLZazeA/_NofLLZazeA-133.mp4",
      "tier1/bangalore/drive/PWTJe65Qw-k/PWTJe65Qw-k-078.mp4",
      "tier1/bangalore/drive/f-52ntfv_Ns/f-52ntfv_Ns-104.mp4",
      "tier1/bangalore/walking/R404-bHTIQ4/R404-bHTIQ4-069.mp4",
      "tier1/bangalore/walking/RA0KAMn1-7c/RA0KAMn1-7c-036.mp4",
      "tier1/bangalore/walking/V09FI-vaTrM/V09FI-vaTrM-016.mp4",
      "tier1/bangalore/walking/W5h3-FyC5aA/W5h3-FyC5aA-049.mp4",
      "tier1/bangalore/walking/WQ7zDW50-Ec/WQ7zDW50-Ec-083.mp4",
      "tier1/bangalore/walking/WQ7zDW50-Ec/WQ7zDW50-Ec-088.mp4",
      "goa/walking/04YKvC8kAgI/04YKvC8kAgI-096.mp4",
      "goa/walking/HnKlAunBJgw/HnKlAunBJgw-145.mp4",
      "goa/walking/IiT11lKrvVE/IiT11lKrvVE-096.mp4",
