{"throughput_clips_per_s":1.9894145897536921,"failed":0,"_wandb":{"runtime":42},"_runtime":42,"_timestamp":1.7752117405189712e+09,"_step":31,"clips_processed":64}