{"throughput_clips_per_s":2.2056021336293936,"failed":0,"_timestamp":1.7753798681681836e+09,"_runtime":4584,"_wandb":{"runtime":4584},"_step":227,"clips_processed":10032}