{"_timestamp":1.7722613565394773e+09,"_step":9,"clips_tagged":20,"throughput_clips_per_s":0.09515717018672369,"eta_min":0,"_runtime":257,"_wandb":{"runtime":257}}