{"_runtime":5667,"clips_processed":20054,"throughput_clips_per_s":1.7715799133873704,"failed":0,"_timestamp":1.775235685497383e+09,"_step":270,"_wandb":{"runtime":5667}}