{"_wandb":{"runtime":721},"_runtime":721,"_step":56,"clips_processed":56144,"throughput_clips_per_s":14.74048323069673,"failed":0,"_timestamp":1.7753160681441987e+09}