{"_wandb":{"runtime":289},"throughput_clips_per_s":0.0804154966567049,"eta_min":0,"_timestamp":1.772264797886999e+09,"_step":9,"clips_tagged":20,"_runtime":289}