{"loss/total":0.4768916964530945,"_timestamp":1.7753752592915854e+09,"val/epoch_pct":99.70674486803519,"epoch":0,"throughput_steps_per_s":0.04475266321465191,"val/jepa_loss":1.648301641146342,"_runtime":38916.649459118,"epoch_complete":1,"_wandb":{"runtime":38916},"grad_norm":0.036718402057886124,"_step":1022,"loss/jepa":0.47641703486442566,"loss/drift":0.00047465451643802226,"lr":1e-07}