{"_runtime":714,"_timestamp":1.775302667808342e+09,"_step":56,"clips_processed":20064,"throughput_clips_per_s":14.859149829720552,"failed":0,"_wandb":{"runtime":714}}