{
  "steps": 400,
  "epochs": 5.0,
  "clips_seen": 44800,
  "final_jepa_loss": 1.4913885593414307,
  "final_drift_loss": 0.0018760378006845713,
  "final_total_loss": 1.4932645559310913,
  "final_lr": 1e-07,
  "final_grad_norm": 0.08927471190690994,
  "lambda_reg": 0.001,
  "batch_size": 112
}