{
  "steps": 281,
  "epochs": 1.0,
  "clips_seen": 8992,
  "final_jepa_loss": 0.4881744980812073,
  "final_drift_loss": 0.0009655124158598483,
  "final_total_loss": 0.48914000391960144,
  "best_val_loss": 1.6262748674912886,
  "final_lr": 1e-07,
  "final_grad_norm": 0.05562020093202591,
  "lambda_reg": 0.001,
  "batch_size": 32
}