{"_step":4,"clips_tagged":20,"throughput_clips_per_s":0.07688880598429683,"eta_min":0,"_timestamp":1.772258048093721e+09,"_wandb":{"runtime":309},"_runtime":309}