{"_wandb":{"runtime":2387},"_timestamp":1.7752193735546327e+09,"_runtime":2387.890119027,"epoch":0,"lr":1e-07,"throughput_steps_per_s":0.04207088613066416,"val/epoch_pct":99.644128113879,"loss/total":0.48914000391960144,"loss/drift":0.0009655124158598483,"loss/jepa":0.4881744980812073,"grad_norm":0.05562020093202591,"val/jepa_loss":1.6314927664670078,"_step":280,"epoch_complete":1}