{
  "steps": 281,
  "epochs": 1.0,
  "clips_seen": 8992,
  "final_jepa_loss": 0.4897180199623108,
  "final_drift_loss": 0.0004627715388778597,
  "final_total_loss": 0.4901807904243469,
  "best_val_loss": 1.6303833289579912,
  "final_lr": 1e-07,
  "final_grad_norm": 0.06097954511642456,
  "lambda_reg": 0.01,
  "batch_size": 32
}