{"loss/total":0.46567824482917786,"loss/jepa":0.4653131365776062,"epoch":0,"throughput_steps_per_s":0.044078750680575346,"grad_norm":0.07066881656646729,"_wandb":{"runtime":2975},"lr":2.6e-06,"_runtime":2975.984510959,"loss/drift":0.00036509500932879746,"_timestamp":1.7753362002652442e+09,"_step":129}