{
  "steps": 1023,
  "epochs": 1.0,
  "clips_seen": 114576,
  "final_jepa_loss": 0.47641703486442566,
  "final_drift_loss": 0.00047465451643802226,
  "final_total_loss": 0.4768916964530945,
  "best_val_loss": 1.648301641146342,
  "final_lr": 1e-07,
  "final_grad_norm": 0.036718402057886124,
  "lambda_reg": 0.001,
  "batch_size": 112
}