{"throughput_clips_per_s":14.79592273740248,"failed":0,"_timestamp":1.775304118136989e+09,"_wandb":{"runtime":716},"_runtime":716,"_step":56,"clips_processed":40128}