{"_step":0,"encoder_type":"video","encoder_dim":1408,"motion_retrieval_map_ci":{"ci_hi":0.752568,"ci_half":0.001601,"mean":0.750993,"ci_lo":0.749366},"spearman_rho":0.263874,"temporal_prec_at_k_ci":{"mean":47.520321,"ci_lo":47.350754,"ci_hi":47.689167,"ci_half":0.169207},"n_clips_aligned":115687,"_wandb":{"runtime":30},"motion_retrieval_map":0.750993,"_runtime":30,"k_neighbors":6,"spearman_rho_ci":{"ci_hi":0.269648,"ci_half":0.005844,"mean":0.263874,"ci_lo":0.257959},"encoder":"vjepa","temporal_prec_at_k":47.52,"_timestamp":1.7753878346478424e+09,"spearman_pval":0,"mode":"FULL","temporal_order_sensitivity":{"n_clips":115687,"mean":30.89130973815918,"std":3.5950894355773926,"median":31.1009578704834},"temporal_locality":{"n_intra_pairs":62067,"n_inter_pairs":49858,"n_multi_clip_videos":713,"intra_video_dist":30.4288,"inter_video_dist":39.4208,"ratio":0.7719,"ratio_ci":{"ci_lo":0.76934,"ci_hi":0.77449,"ci_half":0.002575,"mean":0.771899}},"compute_time_sec":30.6,"motion_clusters":4,"n_pairs_sampled":99999}